r_center_m,Er,Eg,Eb,count_phi
0.00125,15.156660988926888,11.515935882925987,8.775737538933754,64
0.00375,15.014486208558083,11.409355655312538,8.695282354950905,64
0.00625,15.109017416834831,11.472026884555817,8.73694932460785,64
0.00875,15.172110080718994,11.536048039793968,8.795381367206573,64
0.01125,15.087353348731995,11.460271954536438,8.729904592037201,64
0.01375,14.995990052819252,11.388121023774147,8.673747956752777,64
0.01625,14.93906919658184,11.358938500285149,8.660565495491028,64
0.018750000000000003,14.878144234418869,11.306324064731598,8.615827411413193,64
0.021249999999999998,14.804895266890526,11.249366641044617,8.571112036705017,64
0.02375,14.732186734676361,11.19152258336544,8.525803446769714,64
0.026250000000000002,14.695623502135277,11.171198666095734,8.515688553452492,64
0.028749999999999998,14.582739174365997,11.080014660954475,8.442883238196373,64
0.03125,14.465361624956131,10.993233263492584,8.377561368048191,64
0.03375,14.39422270655632,10.943242073059082,8.34271764010191,64
0.036250000000000004,14.295603170990944,10.860455483198166,8.273987650871277,64
0.03875,14.12499737739563,10.731044426560402,8.175427734851837,64
0.04125,13.979247376322746,10.62186661362648,8.094539359211922,64
0.04375,13.879462167620659,10.54388278722763,8.03238832205534,64
0.04625,13.774161905050278,10.465364396572113,7.974377818405628,64
0.04875,13.652120977640152,10.369482189416885,7.898649513721466,64
0.051250000000000004,13.585726514458656,10.309472501277924,7.846411347389221,64
0.05375,13.425801753997803,10.181513339281082,7.745110623538494,64
0.05625,13.291370511054993,10.090793803334236,7.683228336274624,64
0.05875,13.083371385931969,9.946374714374542,7.582567162811756,64
0.06125,12.930542349815369,9.819400504231453,7.479539327323437,64
0.06375,12.78978879749775,9.713629677891731,7.3991409689188,64
0.06625,12.56993317604065,9.544572427868843,7.2681025713682175,64
0.06875,12.416750207543373,9.428626358509064,7.180581346154213,64
0.07125000000000001,12.26877374947071,9.321822687983513,7.1037581115961075,64
0.07375,12.090217843651772,9.182393193244934,6.994673892855644,64
0.07625,11.928161203861237,9.056544944643974,6.897124484181404,64
0.07875,11.78237946331501,8.943763837218285,6.809314273297787,64
0.08125,11.581318885087967,8.792059183120728,6.6949073895812035,64
0.08375,11.433321565389633,8.680038496851921,6.609268240630627,64
0.08625000000000001,11.256862670183182,8.546690106391907,6.509534120559692,64
0.08875,11.09088410437107,8.42429530620575,6.418153956532478,64
0.09125,10.91258043050766,8.284459941089153,6.308835655450821,64
0.09375,10.734370097517967,8.155386835336685,6.213796004652977,64
0.09625,10.528096333146095,7.99642201513052,6.0924239829182625,64
0.09875,10.413184180855751,7.905355386435986,6.020672805607319,64
0.10125,10.204731419682503,7.751913070678711,5.906893223524094,64
0.10375000000000001,10.057278469204903,7.6381008848547935,5.8188668340444565,64
0.10625,9.83565068244934,7.470644414424896,5.691724419593811,64
0.10875,9.673701792955399,7.347021535038948,5.597521550953388,64
0.11125,9.505178779363632,7.21921543776989,5.499709844589233,64
0.11375,9.363715529441833,7.111339338123798,5.417465455830097,64
0.11625,9.17643854022026,6.973428711295128,5.315418623387814,64
0.11875,8.995529443025589,6.834899432957172,5.209377363324165,64
0.12125,8.889789164066315,6.762304365634918,5.160356089472771,64
0.12375,8.70376418530941,6.615704670548439,5.045211307704449,64
0.12625,8.58121208846569,6.525520667433739,4.978262521326542,64
0.12875,8.44102168828249,6.4234678372740746,4.903412789106369,64
0.13125,8.266925193369389,6.290713727474213,4.802679531276226,64
0.13375,8.14194256812334,6.1945711597800255,4.728981204330921,64
0.13625,7.957424335181713,6.055319957435131,4.622563675045967,64
0.13875,7.798975020647049,5.945098474621773,4.545884363353252,64
0.14125000000000001,7.678915165364742,5.85141446441412,4.472285099327564,64
0.14375,7.546996548771858,5.748633414506912,4.39291712641716,64
0.14625,7.360640779137611,5.6081888899207115,4.286605060100555,64
0.14875,7.251447439193726,5.528238482773304,4.228279769420624,64
0.15125,7.083083234727383,5.401250533759594,4.131668623536825,64
0.15375,6.9904776737093925,5.327819414436817,4.074006099253893,64
0.15625,6.823544219136238,5.197873957455158,3.972423166036606,64
0.15875,6.645262509584427,5.070554152131081,3.8808859139680862,64
0.16125,6.571096047759056,5.007958255708218,3.829389937222004,64
0.16375,6.403575733304024,4.881142400205135,3.7333245761692524,64
0.16625,6.324729703366756,4.826771207153797,3.69542158767581,64
0.16875,6.194443069398403,4.727951504290104,3.620306883007288,64
0.17125,6.040321923792362,4.611179023981094,3.530887722969055,64
0.17375000000000002,5.922340773046017,4.517982333898544,3.458195958286524,64
0.17625000000000002,5.834514275193214,4.4543633833527565,3.4117892384529114,64
0.17875,5.694297544658184,4.348922453820705,3.331952314823866,64
0.18125,5.6141543090343475,4.281574513763189,3.2764209546148777,64
0.18375,5.4324230924248695,4.15130252763629,3.1823870316147804,64
0.18625,5.3549583330750465,4.091843843460083,3.1363450214266777,64
0.18875,5.208589650690556,3.980562463402748,3.0518173202872276,64
0.19125,5.152621626853943,3.93907917663455,3.0207127556204796,64
0.19375,5.071974344551563,3.87694925814867,2.9725924469530582,64
0.19625,4.9476514756679535,3.782406758517027,2.9006270729005337,64
0.19875,4.8430050984025,3.702479559928179,2.839578665792942,64
