r_center_m,Y,RdY_norm_int,two_pi_r_RdY_norm_int
0.00125,11.836731029313801,14.414238776602339,0.1132091666191576
0.00375,11.88649635055363,14.474840746974794,0.3410554001443365
0.00625,11.86167041620612,14.444608840492249,0.5672384627158579
0.00875,11.829112080101668,14.404960762858634,0.7919540808873035
0.01125,11.739538999903202,14.295882693690809,1.0105164010593115
0.01375,11.695297702932358,14.242007631670303,1.2304211300706926
0.01625,11.637065745708346,14.17109537272169,1.4468937962785402
0.018750000000000003,11.645081052194534,14.180856052530451,1.670642744859151
0.021249999999999998,11.520083398771286,14.028639531052042,1.8730715128510291
0.02375,11.492993876308203,13.995651128750765,2.088510151493732
0.026250000000000002,11.505618332776427,14.01102462414465,2.3108889314951226
0.028749999999999998,11.354890301156043,13.827474805134406,2.4978168627667214
0.03125,11.359398721802233,13.832964957063904,2.716096317904813
0.03375,11.300095700979233,13.760748405027739,2.9180699615564514
0.036250000000000004,11.247929531964658,13.697222790195866,3.119754350688997
0.03875,11.092980699339508,13.508533069521848,3.2889688895288076
0.04125,11.03730286372751,13.440731105019298,3.4835874231183674
0.04375,10.91869667776674,13.296297825206928,3.6550107621660524
0.04625,10.860599785646796,13.225550042468477,3.8433094039120412
0.04875,10.75464451368302,13.096522476838793,4.011534033079009
0.051250000000000004,10.658421336878837,12.979346219064256,4.1795214198465995
0.05375,10.579061633564532,12.882705540993614,4.350762906739201
0.05625,10.443933674263954,12.71815278855463,4.494966228872523
0.05875,10.348112892736495,12.601466549653287,4.6516692815796725
0.06125,10.155585203938186,12.36701498776736,4.759385120469588
0.06375,10.061487626327574,12.252427189107392,4.907747243857812
0.06625,9.883972876170278,12.036257708800756,5.010224990295361
0.06875,9.757704505643249,11.882493765174624,5.13286882886238
0.07125000000000001,9.70683737847358,11.820550065086518,5.291787837535928
0.07375,9.598535257615149,11.688664612405384,5.416350874299642
0.07625,9.40813218472749,11.4568003122363,5.488871453421439
0.07875,9.297030750966073,11.32150598218065,5.601890703337681
0.08125,9.146082599686086,11.137688111347222,5.685887861644707
0.08375,9.03819230273962,11.006304159307295,5.7917018185841425
0.08625000000000001,8.867554583843052,10.798509218425508,5.851979222231448
0.08875,8.72853677920699,10.629219587254475,5.927200374946271
0.09125,8.613061429546773,10.488598899102325,6.0135402077362485
0.09375,8.476628234778346,10.322456689604065,6.0804288943235525
0.09625,8.3005904276669,10.108085764123896,6.112931435847236
0.09875,8.185023143179714,9.967353121873563,6.184389260324123
0.10125,8.050787482269108,9.803886970289254,6.236963404703297
0.10375000000000001,7.944003064110875,9.673849707708781,6.306193748536458
0.10625,7.796497914016247,9.494224568894944,6.3382345583990665
0.10875,7.662730981776118,9.331329214007878,6.376063679262706
0.11125,7.52877999433875,9.16820972497816,6.40861862088002
0.11375,7.410215123943985,9.023826757404205,6.449440235494633
0.11625,7.266896204826235,8.849299422428716,6.463707867768542
0.11875,7.125618832182883,8.677258190946043,6.474347514169763
0.12125,7.048369771938025,8.58318775909455,6.53898330502567
0.12375,6.927214457504451,8.435650265256514,6.559090783141707
0.12625,6.802353320710361,8.283599987590252,6.570983458738234
0.12875,6.687946363340318,8.144280339525903,6.588397905483318
0.13125,6.538303932449221,7.9620525162667874,6.566050494307465
0.13375,6.443987440724671,7.847198133842934,6.594597252285652
0.13625,6.28761523515731,7.656775093605739,6.5548426347111475
0.13875,6.189736545538902,7.537582826770689,6.571204116548049
0.14125000000000001,6.061320021620392,7.381202958541987,6.550817069452038
0.14375,5.958489128178358,7.255980120579879,6.553658479404606
0.14625,5.843676182998717,7.11616607881735,6.539157809419209
0.14875,5.744437994715572,6.9953182756419485,6.537991050023051
0.15125,5.601484037701041,6.821235375104244,6.482436740207379
0.15375,5.49354316753894,6.689789837276479,6.462602841605588
0.15625,5.367420737719536,6.536203613681471,6.41690289222149
0.15875,5.252737781443447,6.396547866560382,6.3802729220300956
0.16125,5.171544770756364,6.297674669210837,6.380574933345943
0.16375,5.064968578577786,6.167890974864937,6.34596781923995
0.16625,4.9590640143617986,6.038925158850297,6.3081377691120375
0.16875,4.851875352375954,5.908395626314484,6.264598149269432
0.17125,4.748455740647763,5.782455873696818,6.221896405685728
0.17375000000000002,4.673844284372032,5.691597397351869,6.2135364983222185
0.17625000000000002,4.569959750305116,5.565091483216603,6.162845808380514
0.17875,4.476388959798961,5.451145182204023,6.122286762757719
0.18125,4.4120004516683515,5.372735752407457,6.1186183489229045
0.18375,4.27198004238829,5.202225194385814,6.006152626478311
0.18625,4.203301173967868,5.118591156756068,5.989996819610968
0.18875,4.096114379446208,4.988063898334163,5.915600499237759
0.19125,4.065227996843308,4.950451850490789,5.948755960785337
0.19375,3.9753082499697805,4.840951626234887,5.8932155003281945
0.19625,3.885880429785698,4.732050448180565,5.834973657834988
0.19875,3.8077323271811006,4.636885202971272,5.790463784454522
